entry_time,exit_time,entry_price,exit_price,position,regime,pnl,pnl_pct,duration_minutes,avg_iv,iv_spread,pcr_oi,call_delta,call_gamma,futures_basis,atr,ema_diff_pct
2025-09-30 12:00:00,2025-09-30 12:10:00,28565.51577663806,28611.677680921825,SHORT,-1,-46.16190428376285,-0.16160010778281053,10,0.12125,-0.0065,0.991645894448872,0.5746533937478681,0.0004125147210319,0.004689936390577,121.45293780729352,0.1707307958491916
2025-09-30 13:45:00,2025-10-01 09:20:00,28704.29891453231,28679.306182596287,SHORT,-1,24.99273193602494,0.0870696476874121,1175,0.10615,-0.0025,1.1149775203303596,0.5771110995502526,0.0004612322020602,0.0049524632435943,138.20761140571526,-0.0058866039606056
2025-10-01 10:50:00,2025-10-01 12:15:00,28709.680457706163,28757.936096296296,SHORT,-1,-48.25563859013346,-0.16808141999776535,85,0.1186,-0.0034,1.0419996823195323,0.5716625632932897,0.0004222322408561,0.0054059475067697,125.92016547481995,-0.0211276270013287
2025-10-01 12:50:00,2025-10-01 15:25:00,28648.64462637321,28584.30100535056,SHORT,-1,64.34362102265004,0.22459568981988398,155,0.1144,-0.0092,1.0952832986022454,0.5704862105163556,0.0004507346218693,0.0057338817784185,135.39389313290434,-0.0532299177100899
2025-10-02 09:15:00,2025-10-02 09:45:00,28509.92965040556,28543.954389499788,SHORT,-1,-34.0247390942277,-0.11934346914021125,30,0.1289,-0.0179999999999999,0.8788094753908123,0.5703418299029551,0.0004148015205206,0.0048210088557733,111.12492511350372,-0.0078905135163239
2025-10-02 09:50:00,2025-10-02 10:05:00,28521.40706961236,28569.8035186255,SHORT,-1,-48.39644901314023,-0.16968464737738478,15,0.12225,-0.0056999999999999,0.985453186964768,0.574334564040883,0.0004232253994192,0.0042951611980209,115.8464280285308,-0.0013284600007451
2025-10-03 09:45:00,2025-10-03 10:05:00,29123.56838413085,29221.133126294262,SHORT,-1,-97.56474216341303,-0.33500270597532655,20,0.1203,-0.0098,1.1214026928672467,0.5761351617536288,0.0004366296054222,0.0052880969262449,109.9723571638385,-0.0159054753605515
2025-10-03 11:35:00,2025-10-03 13:20:00,29197.56020540122,29120.7322572022,SHORT,-1,76.8279481990212,0.26313139748165976,105,0.1223,-0.0062,1.1828065716944662,0.5630941747564766,0.000424101504475,0.004398918284882,124.23529354903285,-0.0003621156036522
2025-10-03 14:00:00,2025-10-03 15:25:00,29041.06408046884,29075.50534519172,SHORT,-1,-34.44126472287826,-0.11859505088190363,85,0.13245,-0.0174999999999999,1.0476292200209143,0.5586047662088077,0.00041159263739,0.004534990916115,116.39308636407024,-0.0289685079753187
2025-10-06 12:40:00,2025-10-06 13:45:00,29219.72848303527,29264.89294932483,SHORT,-1,-45.16446628955964,-0.15456839825113963,65,0.13225,-0.0217,1.1386685246529518,0.5682042665080895,0.0004414568410657,0.0044083511763319,96.37248879698669,-0.0178215741911207
2025-10-06 15:20:00,2025-10-07 09:45:00,29248.18270107923,29342.87981773888,SHORT,-1,-94.69711665965224,-0.32377094203585516,1105,0.1078,-0.0054,1.046584160058396,0.5659550174890509,0.0005099189239825,0.0038054503107152,105.95041078061278,-0.030581571867577
2025-10-07 11:05:00,2025-10-07 12:10:00,29315.62770565574,29284.742081273056,SHORT,-1,30.88562438268491,0.10535549398018271,65,0.1128,-0.0191999999999999,1.0021662493410648,0.5746972037682464,0.0005276709089655,0.0044508497737507,132.23293915730054,-0.0018593555456696
2025-10-07 12:30:00,2025-10-07 14:00:00,29250.070783716084,29273.94199031947,SHORT,-1,-23.871206603384053,-0.0816107652521425,90,0.1296999999999999,-0.0078,1.0396605391224314,0.5566072546497766,0.0004371555668331,0.0036845241393624,124.93953508745004,-0.0093191838781543
2025-10-07 14:35:00,2025-10-08 09:50:00,29220.808812730626,29221.22750425695,SHORT,-1,-0.4186915263235278,-0.0014328539945859286,1155,0.13005,-0.0156999999999999,1.1576159645610598,0.5672333210001234,0.0004485957805852,0.0034309408002351,114.6813263239167,-0.0056057015325118
2025-10-08 10:25:00,2025-10-08 12:20:00,29148.625389534805,29089.966501774947,SHORT,-1,58.65888775985877,0.2012406656435984,115,0.1306,-0.0145999999999999,1.1824775799043574,0.5555283736838311,0.0004582805006866,0.0040947559849667,150.09229387494375,-0.0189155125149847
2025-10-08 12:30:00,2025-10-08 13:50:00,28995.732421536868,29008.05198559481,SHORT,-1,-12.319564057943353,-0.04248750774370119,80,0.13555,-0.0083,1.018170097900971,0.5516152464432397,0.0004328745878945,0.0031793851501291,132.03999816040672,-0.0481467414326524
2025-10-09 10:30:00,2025-10-09 10:50:00,29167.433516814523,29240.57557727272,SHORT,-1,-73.1420604581981,-0.2507661855679999,20,0.12565,-0.0182999999999999,1.1282970345120693,0.5659857666222471,0.0004946771758808,0.0035821378350004,125.14504871105235,-0.0370847314810444
2025-10-09 10:55:00,2025-10-09 12:25:00,29207.856769628343,29197.443977361043,SHORT,-1,10.412792267299665,0.03565065505979665,90,0.1078,-0.02,1.123190871206732,0.5709425551376561,0.0005871686657982,0.0032360136007839,128.36882825189008,-0.004814192334244
2025-10-10 12:15:00,2025-10-10 13:25:00,29716.600747144654,29790.941277051497,SHORT,-1,-74.34052990684359,-0.25016498535414305,70,0.1329,-0.0112,1.139477706301328,0.5597197081203686,0.0004570350316058,0.0035952375072438,110.156773808933,-0.0235927890811398
2025-10-10 14:00:00,2025-10-10 15:00:00,29711.813992971653,29728.33843815514,SHORT,-1,-16.524445183487842,-0.055615739878409,60,0.1269,-0.0106,1.039862942696278,0.5596825992338695,0.0004785423935015,0.0030958226172349,118.4420370015401,-0.0041071209859383
2025-10-13 09:20:00,2025-10-13 10:45:00,29681.066301347524,29654.41437093677,SHORT,-1,26.651930410753266,0.08979438319418889,85,0.12685,-0.0104999999999999,1.1628450241916577,0.5396683088934103,0.0005253265836931,0.0029589616818527,104.1663114167386,-0.0098359426971194
2025-10-13 11:10:00,2025-10-13 11:35:00,29547.53068940161,29639.98064362212,SHORT,-1,-92.44995422050852,-0.31288555105442145,25,0.1399,-0.014,0.9957690212794436,0.5451075182019359,0.0004821280029123,0.0026549358775268,117.10090233528848,-0.040871772015774
2025-10-13 12:35:00,2025-10-13 13:25:00,29582.08698566589,29690.9188569239,SHORT,-1,-108.83187125801123,-0.3678978812777683,50,0.12385,-0.0219,1.1302505747367757,0.5425063106057009,0.0005672823138736,0.002069586155799,114.1434955968624,-0.0470908486871176
2025-10-14 10:00:00,2025-10-14 10:05:00,29820.27041210107,29855.09115635734,SHORT,-1,-34.8207442562707,-0.11676870724197201,5,0.12445,-0.0161,1.0755649546827797,0.5611236355224254,0.0005602844492461,0.0026740978159816,155.21436073567773,-0.002411646451103
2025-10-14 10:20:00,2025-10-14 12:15:00,29823.433928747407,29780.999207661425,SHORT,-1,42.43472108598144,0.14228650257835587,115,0.1323,-0.0084,1.1600288640337486,0.5580859271218641,0.0005096451413799,0.0027871849079903,131.38698607177244,-0.0128395232715183
2025-10-14 14:00:00,2025-10-14 14:10:00,29781.692304211523,29825.964287702376,SHORT,-1,-44.27198349085302,-0.14865502953501528,10,0.12495,-0.0009,1.0606702022534982,0.537488600727756,0.0005284075217928,0.0025058037773616,137.82427302638305,-0.0104365529051376
2025-10-14 14:20:00,2025-10-14 14:40:00,29773.87095774053,29846.27274060532,SHORT,-1,-72.4017828647884,-0.24317221958660226,20,0.11925,0.0008999999999999,1.1868144170666224,0.5616952686499863,0.0005455648080369,0.0022944957366779,125.29976672068835,-0.017560198904646
2025-10-14 15:20:00,2025-10-15 11:25:00,29789.91834913603,29738.397749403,SHORT,-1,51.520599733030394,0.1729464281479798,1205,0.12975,-0.0297,1.207305239968244,0.5445093324248844,0.0005713566829646,0.0023671553859021,123.42282528092696,-0.004341304640041
2025-10-15 12:25:00,2025-10-15 13:00:00,29690.666162084977,29769.41274841973,SHORT,-1,-78.74658633475337,-0.26522337324755907,35,0.1172999999999999,-0.0175999999999999,1.1795468757922491,0.5450484097316125,0.0006282929069027,0.0027779722200093,97.84584459655628,-0.033888052149795
2025-10-15 14:40:00,2025-10-15 15:05:00,29852.96381407665,29949.99983095804,SHORT,-1,-97.03601688138951,-0.32504650957180287,25,0.1459,-0.0021999999999999,1.102236459677994,0.5420482642108526,0.0004686139289709,0.0033930531665096,114.40676589991172,-0.0209529203035366
2025-10-16 09:25:00,2025-10-16 09:30:00,29905.0729602665,29955.35646358166,SHORT,-1,-50.28350331515685,-0.1681437239158929,5,0.1197,-0.015,1.1806433251484292,0.5508981622200442,0.0006248750719448,0.0031411871089533,128.3323643093424,-0.0058936173101187
2025-10-16 09:50:00,2025-10-16 13:45:00,29877.27678384881,29569.101376962684,SHORT,-1,308.17540688612644,1.0314708703730362,235,0.1355,-0.0123999999999999,1.0088150999914358,0.5302576417260472,0.000545624376727,0.0019761202435292,125.6368734295442,-0.0101154750988302
2025-10-16 13:50:00,2025-10-16 13:55:00,29506.10011485093,29569.37256249121,SHORT,-1,-63.27244764028001,-0.21443853099526997,5,0.1407,-0.0171999999999999,1.0159840679848238,0.5452305963851977,0.0005388487941982,0.0018488510981572,129.81486516523182,-0.0082635305178142
2025-10-17 10:55:00,2025-10-17 11:00:00,29838.92252089373,29895.091339991428,SHORT,-1,-56.16881909769654,-0.18824010504523467,5,0.11605,-0.0173,1.0706196140295952,0.5399920293899506,0.0006831073892318,0.001906829264898,133.88834988318118,-0.0117803829369883
2025-10-17 11:45:00,2025-10-17 12:35:00,29765.469328542666,29878.17492407813,SHORT,-1,-112.70559553546263,-0.378645450845914,50,0.1349,-0.0116,1.08449262131694,0.5498187546545379,0.0005680975536254,0.0024295221343031,132.86397459671338,-0.0847936724118615
2025-10-17 15:20:00,2025-10-20 09:50:00,29941.384250359828,29981.056624778,SHORT,-1,-39.672374418172694,-0.13250013455104676,3990,0.1322499999999999,-0.0108999999999999,1.211911685557528,0.536622892948932,0.0005770848011245,0.0035154936578608,128.18318518100438,-0.0199915287534528
2025-10-20 10:45:00,2025-10-20 11:05:00,29969.844076495898,30037.175081826364,SHORT,-1,-67.33100533046672,-0.22466251462172818,20,0.11245,-0.0079,1.0493680900377278,0.556249356243535,0.0007735266720198,0.0019798620691723,121.9186742798273,-0.0139908240026168
2025-10-20 12:20:00,2025-10-20 13:00:00,30033.54544008249,30054.59122582852,SHORT,-1,-21.04578574603147,-0.07007426341994229,40,0.1508499999999999,-0.0097,0.9529678402864638,0.5229191443938219,0.0005784399836062,0.0014759871294067,126.43370639930824,-0.0009372100161668
2025-10-20 13:25:00,2025-10-20 14:00:00,29980.36840187953,30037.3689395059,SHORT,-1,-57.000537626372534,-0.19012620813158204,35,0.11365,-0.0065,1.0654920880203929,0.5252602551527554,0.0007660506004777,0.0011727083801517,105.53672543360751,-0.0295330726680832
2025-10-20 14:10:00,2025-10-20 14:55:00,29990.58308541637,30047.66784904145,SHORT,-1,-57.084763625080086,-0.1903422933208621,45,0.14075,-0.0111,0.9861128322987432,0.528428881305068,0.0006249842613029,0.0008904389025509,120.60766939105736,-0.0161583253088334
2025-10-20 15:05:00,2025-10-21 09:15:00,29953.4364818532,30000.785726212296,SHORT,-1,-47.34924435909488,-0.15807616727977322,1090,0.10685,-0.0242999999999999,1.1253203238085026,0.5489190533473158,0.0008889085509609,0.0012938943019261,138.22777354879796,-0.0211754949936531
2025-10-21 11:20:00,2025-10-21 13:25:00,29998.423817810824,29953.69577325728,SHORT,-1,44.72804455354344,0.1491013155397427,125,0.12655,-0.0089,1.1248935072415076,0.5338471937555422,0.0007330448854156,0.0011799538458327,106.32732554942388,-0.0186844549563409
2025-10-22 10:45:00,2025-10-22 13:00:00,30120.018001342705,30251.92345740356,LONG,1,131.90545606085652,0.43793285931959397,135,0.12075,-0.0039,1.2049434425864276,0.5495033164819061,0.0007988679966796,0.0017925196981458,113.57567827307528,0.0244313182064619
2025-10-22 14:15:00,2025-10-22 14:25:00,30262.95877737308,30195.548325099,LONG,1,-67.41045227407812,-0.22274904701148845,10,0.11575,-0.0083,1.133538817183587,0.5462129436457953,0.0008472371220711,0.0004421391076949,128.71229022845546,0.0037628840482949
2025-10-22 14:30:00,2025-10-23 09:20:00,30291.9567634646,30285.644087152068,LONG,1,-6.312676312532858,-0.020839447123952828,1130,0.1314,-0.0089999999999999,1.1068024066669762,0.5257592238145459,0.0007478456162669,0.0007077798483152,152.11712141979635,0.0094159907634185
2025-10-23 09:25:00,2025-10-23 09:35:00,30302.362611764656,30271.36662869427,LONG,1,-30.995983070384682,-0.10228899794879603,10,0.118,-0.0132,1.0444792650050123,0.5348272246352406,0.0009182481722344,0.0012781961440695,146.97821774987693,0.001112253628328
2025-10-23 09:45:00,2025-10-23 10:50:00,30349.70595498841,30305.878255930053,LONG,1,-43.82769905835812,-0.14440897425286062,65,0.1484,-0.009,1.0837540190510533,0.526555298152092,0.0007108893880403,0.0008157435259012,145.2712752206735,0.0266748251550356
2025-10-23 11:05:00,2025-10-23 14:05:00,30361.31331973291,30507.099182759164,LONG,1,145.78586302625263,0.4801698183836506,180,0.12635,-0.0133,1.131661643732773,0.5404550465502848,0.0008517762520727,0.0004020175560171,119.93412187432894,0.0024436101037518
2025-10-23 14:10:00,2025-10-23 14:15:00,30594.62944441495,30544.20678937621,LONG,1,-50.42265503873932,-0.16480884375588992,5,0.1106999999999999,-0.0044,1.1329002614612875,0.5283596295354461,0.0009349895558724,0.0011296762831276,150.33065498376578,0.009046493258953
2025-10-23 14:25:00,2025-10-24 10:05:00,30581.00769210622,30683.472079401945,LONG,1,102.46438729572401,0.33505889775559233,1180,0.1392999999999999,-0.0148,1.057452898349358,0.5139304108784617,0.0007709379270801,0.001808823995613,138.1721451143156,0.005044132879812
2025-10-24 10:20:00,2025-10-24 11:55:00,30751.83599722116,30751.71719638591,LONG,1,-0.11880083524738438,-0.00038632111350398607,95,0.1302,-0.002,1.2018288804798924,0.5280592156284328,0.0008557796540528,0.0010109077086448,97.30336125823904,0.0237459414305148
2025-10-24 12:05:00,2025-10-24 12:10:00,30824.35302138322,30794.019609637755,LONG,1,-30.333411745465128,-0.09840729414311625,5,0.1315,0.0004,1.0305628232549855,0.54646988601174,0.0008339346974824,0.0008188146648664,98.0203493352796,0.0007515713872311
2025-10-24 12:15:00,2025-10-24 12:30:00,30832.633865551004,30759.21650764686,LONG,1,-73.41735790414532,-0.2381157517203673,15,0.12895,-0.0083,1.1796729048539871,0.5118520059670612,0.0008854306968244,0.0011112862244288,107.02331889787274,0.0223384027561541
2025-10-24 14:45:00,2025-10-27 09:40:00,30661.60954484341,30638.23314800047,LONG,1,-23.376396842941176,-0.07623995344651618,4015,0.12535,-0.0073,1.1537267114419985,0.5383274355080766,0.0009092336897195,0.0013122828820718,143.11143227667188,0.0060181068367365
2025-10-30 11:40:00,2025-10-30 13:15:00,30669.6807456108,30625.86659198669,SHORT,-1,43.81415362410917,0.14285819923436763,95,0.13125,-0.0086999999999999,1.1506013303427458,0.5695257923557324,0.0003711426858067,0.0052893259246392,128.3297644167204,-0.0130590641408703
2025-10-30 13:25:00,2025-10-31 09:45:00,30527.88525228297,30333.10492583915,SHORT,-1,194.78032644381892,0.6380406793138501,1220,0.1272,-0.008,1.184705272972133,0.5551318935754238,0.0003862722506084,0.0052006654615369,119.44282580656647,-0.0353749356170802
2025-10-31 09:55:00,2025-10-31 10:40:00,30299.87943657818,30329.150501120446,SHORT,-1,-29.271064542266686,-0.0966045577954693,45,0.127,-0.0051999999999999,1.11101564909498,0.5619581626384764,0.0003917674960364,0.0045140998753234,114.47702737609272,-0.002769491316304
2025-10-31 11:35:00,2025-10-31 11:40:00,30314.48080910961,30371.582896588985,SHORT,-1,-57.10208747937577,-0.1883657115520065,5,0.1232999999999999,-0.0059999999999999,1.03266685326486,0.5695161905690307,0.0004036389696562,0.0048150315688658,125.1246048940593,-0.001636431455691
2025-10-31 14:15:00,2025-10-31 14:35:00,30407.8388161104,30446.104909862814,SHORT,-1,-38.26609375241242,-0.12584285908585727,20,0.12125,-0.0121,1.0445439096678586,0.5692049377290245,0.0004202724659858,0.0050122094466121,111.45556929534048,-0.0018024641090869
2025-11-03 12:05:00,2025-11-03 12:35:00,30723.56710670473,30784.906515094724,SHORT,-1,-61.33940838999479,-0.19964937071583994,30,0.12505,-0.0165,1.0396391141184935,0.5716315179815464,0.0004357135665867,0.0040682876141743,129.23394879346284,-0.0205227139474972
2025-11-03 12:55:00,2025-11-03 13:20:00,30697.842782189644,30798.348717865927,SHORT,-1,-100.50593567628312,-0.327403903881464,25,0.1207,-0.006,1.0183238289205705,0.5600214402880767,0.0004348660857528,0.0041570993856095,118.0652506977762,-0.0375701603383285
2025-11-04 09:15:00,2025-11-04 09:50:00,30924.62663564814,31012.140205809126,SHORT,-1,-87.513570160987,-0.28298990054776074,35,0.1226,-0.0168,1.0581524137513303,0.5733860441331244,0.0004423744459868,0.0040263497167053,117.1444328718231,-0.0268292644223779
2025-11-04 10:40:00,2025-11-05 09:35:00,30941.71615224107,30503.904301672133,SHORT,-1,437.8118505689381,1.4149565861660451,1375,0.14965,0.0007,1.1672509567524036,0.5467802445107297,0.0003477042062756,0.0033532562893488,133.71737168274817,-0.0093855596738977
2025-11-05 12:10:00,2025-11-05 12:20:00,30579.30917963136,30664.97394104997,SHORT,-1,-85.6647614186113,-0.2801396228913894,10,0.12615,-0.0056999999999999,1.186826291199782,0.5471109438357535,0.0004380400194467,0.0032124378652227,125.27537495917022,-0.0146388011508976
2025-11-05 12:40:00,2025-11-05 12:55:00,30599.30141221767,30623.132554356853,SHORT,-1,-23.83114213918452,-0.07788132747916017,15,0.12635,-0.0089,1.0596639935998782,0.5563571275160079,0.0004414373993376,0.004216500909679,108.99223848727992,-0.0044798146746316
2025-11-05 13:15:00,2025-11-05 14:50:00,30598.6239798459,30581.111114483305,SHORT,-1,17.51286536259431,0.05723415985676134,95,0.1114,-0.004,1.042633269898993,0.5611641360444252,0.0004910017330681,0.0033764787905936,103.94326799151324,-0.0040571584881196
2025-11-06 09:15:00,2025-11-06 10:10:00,30487.39187620219,30543.489566965345,SHORT,-1,-56.0976907631557,-0.18400291829142773,55,0.10685,0.0029,1.0570503308602366,0.5560785054131331,0.0004987454275657,0.003991197747849,106.37279453823352,-0.0422063851329237
2025-11-06 11:10:00,2025-11-06 13:10:00,30480.708633048307,30474.514202363687,SHORT,-1,6.194430684619874,0.020322462837703337,120,0.1345,-0.0148,1.1402624368091503,0.5451121784327694,0.0004371015384491,0.0043482587068763,117.19392028596069,-0.0182723223017919
2025-11-06 13:20:00,2025-11-06 15:20:00,30429.81083836325,30345.21693695108,SHORT,-1,84.59390141216863,0.2779968034028001,120,0.11535,-0.0008999999999999,1.050022677004228,0.5482380204423088,0.0004838735374549,0.0027704300485686,127.32882831476776,-0.0041749548728822
2025-11-07 11:15:00,2025-11-07 11:20:00,30466.341129386896,30507.02729937129,SHORT,-1,-40.68616998439393,-0.13354465444867386,5,0.1384,-0.0143999999999999,1.1318203390940036,0.558009436123555,0.0004328143470207,0.0034279601583783,124.91684141397334,-0.0038184198142865
2025-11-07 12:05:00,2025-11-07 14:50:00,30463.16156316982,30349.895647156703,SHORT,-1,113.2659160131152,0.37181274103228507,165,0.1285,-0.013,1.0505260879064928,0.5600124285410706,0.0004651506918304,0.0025633388361817,122.46105391441804,-0.0120371596259105
2025-11-10 13:40:00,2025-11-10 14:25:00,30777.140973294507,30827.21522647544,SHORT,-1,-50.07425318093374,-0.16269949578612075,45,0.11185,-0.0083,0.9337702763147084,0.5416966461841592,0.0005717046598047,0.0019227944025158,100.87472599868724,-0.0056619215527599
2025-11-11 10:25:00,2025-11-11 11:20:00,30872.34752219282,30916.662678818466,SHORT,-1,-44.31515662564561,-0.14354320348910732,55,0.14525,-0.0065,1.0033076759020494,0.5526436685246653,0.0004449893154123,0.0027022559102871,137.93518109021352,-0.0285591076101695
2025-11-11 11:45:00,2025-11-11 13:00:00,30853.360670761227,30875.38935724351,SHORT,-1,-22.028686482284684,-0.07139801306364849,75,0.1311,-0.0141999999999999,1.2555655741105014,0.5490126675911439,0.000510496239023,0.0030044529829682,105.8972340962877,-0.0050034264342324
2025-11-12 10:20:00,2025-11-12 11:10:00,31062.32616859169,31089.744436522604,SHORT,-1,-27.418267930912407,-0.08826855974050028,50,0.1387,-0.0036,1.155455159098976,0.5482325784476336,0.000475516326265,0.0026799716781988,132.12790961895865,-0.0165330145376574
2025-11-12 15:25:00,2025-11-13 10:20:00,31387.67708594597,31391.78781440928,SHORT,-1,-4.1107284633108065,-0.013096631687826977,1135,0.12515,-0.0097,1.0870473839000674,0.5402006398613511,0.0005367292007894,0.0027915795184914,117.02326904582073,-0.0020251262688269
2025-11-13 10:25:00,2025-11-13 10:30:00,31328.56337497167,31363.71310789644,SHORT,-1,-35.14973292477225,-0.11219707876184742,5,0.11765,-0.0144999999999999,1.053839460517729,0.5353404475024641,0.0006087889510659,0.0023666318652981,129.28298816626557,-0.0093930425033644
2025-11-13 11:00:00,2025-11-13 12:20:00,31320.06875165515,31309.55120318369,SHORT,-1,10.517548471460032,0.033580860102371955,80,0.13095,-0.0194999999999999,1.049783576027256,0.555935540335292,0.0005513945149511,0.0021452204201903,138.43301969891374,-0.0173521947243781
2025-11-13 12:30:00,2025-11-13 13:15:00,31264.88362390072,31348.19036777172,SHORT,-1,-83.30674387099862,-0.2664546744300498,45,0.0756999999999999,-0.0041999999999999,1.0713172504289896,0.5823453815520374,0.0008990106094683,0.0018199199187141,115.80952651828244,-0.0040514837039273
2025-11-14 10:10:00,2025-11-14 11:10:00,31633.50889785577,31685.109670984373,SHORT,-1,-51.60077312860449,-0.16312061142259868,60,0.1315,-0.0088,1.2042676084991433,0.5325318878711159,0.0005454133887254,0.0015964739048852,129.8632366143138,-0.0022876892759015
2025-11-14 12:25:00,2025-11-14 14:15:00,31623.811487006285,31540.81400903292,SHORT,-1,82.99747797336386,0.26245248143939315,110,0.12825,-0.0188999999999999,1.192812134100679,0.5576230296822384,0.0005795262810171,0.0018332415946083,109.25254369566883,-0.0126769099501097
2025-11-14 14:20:00,2025-11-14 14:40:00,31525.353389606364,31550.105322931147,SHORT,-1,-24.75193332478375,-0.07851437228597173,20,0.12985,0.0002999999999999,1.1629228136470915,0.5276210579680571,0.000535574607944,0.0027900904699303,119.8690282097263,-0.0013692216093425
2025-11-14 14:55:00,2025-11-17 09:35:00,31476.57683559161,31588.07992031041,SHORT,-1,-111.50308471879907,-0.35424145802512685,4000,0.1184,-0.0223999999999999,1.082584598086524,0.5324343287824768,0.0006498978770209,0.0020816885111457,117.74420346753116,-0.0297037824774239
2025-11-17 12:20:00,2025-11-17 12:30:00,31740.18512972056,31814.188741753955,SHORT,-1,-74.00361203339344,-0.23315431756602664,10,0.1227999999999999,-0.0171999999999999,1.168424022052274,0.5323193074527381,0.0006986045579559,0.0025490030219656,152.8991193805762,-0.0206483722824294
2025-11-17 13:55:00,2025-11-17 14:40:00,31808.859968209526,31810.95678073728,SHORT,-1,-2.096812527754082,-0.006591913478979387,45,0.1083,-0.0099999999999999,1.2069420187103357,0.5493785484454621,0.0007672608478295,0.0013780769811471,117.65124752468026,-0.0134625821821358
2025-11-17 15:25:00,2025-11-18 09:40:00,31775.265719687384,31852.70501243801,SHORT,-1,-77.43929275062692,-0.2437093474961782,1095,0.11355,0.0035,1.1243321025555009,0.5217710678400073,0.0006924197007567,0.0006902440233524,135.03858668928973,-0.0143537546090709
2025-11-18 09:50:00,2025-11-18 09:55:00,31797.20982710747,31825.10395117231,SHORT,-1,-27.89412406484189,-0.08772506838339585,5,0.121,-0.0065999999999999,1.0891601687332226,0.5340425972131142,0.000717399393833,0.0017327660210382,119.96309398947469,-0.0059090578971898
2025-11-18 10:15:00,2025-11-18 13:35:00,31787.32800748208,31688.1241243798,SHORT,-1,99.20388310228009,0.31208625990498334,200,0.1338,-0.0061999999999999,1.154768766581699,0.5249986842542365,0.0006473335709528,0.0022192393191804,110.0060712581092,-0.008217432021754
2025-11-18 14:25:00,2025-11-18 15:15:00,31660.7847822886,31672.6102139882,SHORT,-1,-11.825431699598994,-0.03735040612832274,50,0.10515,-0.0111,1.1111692534029325,0.5505671966603725,0.0008476623789966,0.0013919105434067,123.26492073441504,-0.0049499244694528
2025-11-19 09:20:00,2025-11-19 11:30:00,31625.277715214124,31467.684681280803,SHORT,-1,157.59303393332084,0.4983135179157867,130,0.1073,-0.0066,1.2967486016089853,0.515753407817668,0.0008751873215816,0.0011077556547328,121.11048389038946,-0.003426506413032
2025-11-20 11:30:00,2025-11-21 10:30:00,31423.00789609454,31749.94699725572,LONG,1,326.9391011611806,1.0404449575364005,1380,0.11555,-0.0027,0.9665247569675732,0.5518441529234513,0.0008597635425223,0.0012154621815998,136.31783601310832,0.0463222078769828
2025-11-21 10:35:00,2025-11-21 11:40:00,31772.17773994018,31804.8264286343,LONG,1,32.64868869412021,0.10275873741282199,65,0.12095,-0.0228999999999999,0.9412711092529824,0.5518625619142071,0.000971448472574,0.0008987283519872,96.01312113736614,0.0052206264156486
2025-11-21 12:05:00,2025-11-21 12:35:00,31902.115047944524,31757.930021230888,LONG,1,-144.18502671363603,-0.45196071325348064,30,0.1174,-0.0167999999999999,1.1802319250289852,0.5324265007713699,0.0009769846515748,0.0004705072434582,113.70859773117834,0.0500889001247957
2025-11-21 13:30:00,2025-11-21 13:45:00,31861.1498366137,31787.76216873277,LONG,1,-73.38766788092835,-0.23033590519257988,15,0.12465,-0.0065,1.12364035792745,0.537605905465958,0.0008773161424478,0.0005462824620176,141.35788308074294,0.0328230568330054
2025-11-21 13:55:00,2025-11-21 14:30:00,31811.513519239244,31786.27278195232,LONG,1,-25.24073728692383,-0.07934466013903588,35,0.1190499999999999,-0.0186999999999999,1.083659896679917,0.5414008631255341,0.0009714792243445,0.0011267403582644,147.49124947963122,0.0067295676184922
2025-11-21 15:10:00,2025-11-24 10:20:00,31813.59079890381,31814.477322385537,LONG,1,0.886523481727636,0.002786618735783144,4030,0.11965,-0.0023,1.1127301330493211,0.5405989626232819,0.000899464004253,0.0003561905470749,123.1919216232735,0.0052576042871867
2025-11-24 13:55:00,2025-11-25 11:05:00,31914.36022743685,32113.12581468704,LONG,1,198.76558725018913,0.622809248982876,1270,0.1474,-0.0044,1.0686993998621153,0.532034315015147,0.0011592726876793,0.0005874828876466,135.88623973659975,0.003731352761919
2025-11-27 11:00:00,2025-11-27 11:50:00,32250.796085875183,32304.4133810111,SHORT,-1,-53.61729513591854,-0.16625107483595172,50,0.12915,-0.0088999999999999,1.0779887908215149,0.5633448202943521,0.0003601194310885,0.0046686222026199,123.14772966945202,-0.0144942198633163
2025-11-27 12:50:00,2025-11-27 13:25:00,32248.60473170549,32316.93659438751,SHORT,-1,-68.33186268201825,-0.21189091202707822,35,0.1121,0.0,1.1571739182066878,0.5680963038393791,0.0003998242061854,0.0050990701969434,134.06483120393594,-0.0298320509520557
2025-11-27 15:25:00,2025-11-28 10:45:00,32445.327826829733,32349.525766341936,SHORT,-1,95.80206048779655,0.2952722838835852,1160,0.1305,-0.0152,1.119070374840881,0.5620824498169239,0.0003633867146978,0.003954474444803,126.15606414913366,-0.0001150500181361
2025-11-28 10:50:00,2025-11-28 10:55:00,32319.82192203048,32359.93864997287,SHORT,-1,-40.11672794238984,-0.12412422333009415,5,0.12545,-0.0107,1.125729424137671,0.5712722153833575,0.0003789242720179,0.0040513220121794,121.0443029983188,-0.0032634855950653
2025-11-28 13:00:00,2025-11-28 13:05:00,32555.18195896524,32592.359019416697,SHORT,-1,-37.17706045145678,-0.11419705931398962,5,0.11935,-0.0147,0.9941935578859028,0.5695253364431725,0.0004037094637053,0.00383419367152,113.46053061299088,-0.0041408776366201
2025-11-28 15:25:00,2025-12-01 09:20:00,32654.604163785207,32701.390243801103,SHORT,-1,-46.786080015896005,-0.14327559991611524,3955,0.1251499999999999,-0.0179,1.034438934802571,0.567238928601977,0.0003883217257631,0.0047175300659919,143.88508245089466,-0.0104429606645409
2025-12-01 10:30:00,2025-12-01 13:15:00,32730.068743295524,32690.797798633263,SHORT,-1,39.27094466226117,0.1199843024170412,165,0.11925,-0.0073,1.2306775610455352,0.5535667351225227,0.0004162451448379,0.0048523747762016,147.68975130456133,-0.0160958117459613
2025-12-02 10:10:00,2025-12-02 11:50:00,32768.64434737703,32794.811221066826,SHORT,-1,-26.166873689799104,-0.0798533909807399,100,0.1376,-0.0151999999999999,1.081197909070348,0.5621978591542236,0.0003768095651639,0.0039537981468859,119.69118667056526,-0.0009569886000299
2025-12-02 12:55:00,2025-12-02 13:30:00,32759.181176423863,32781.60335423176,SHORT,-1,-22.422177807897242,-0.06844547697069438,35,0.129,-0.016,1.0805720694343817,0.562051743640493,0.0004049771449845,0.003243072917181,136.27592200048562,-7.7073745080307e-05
2025-12-02 14:45:00,2025-12-03 12:35:00,32730.03110223376,32591.18588504503,SHORT,-1,138.8452171887293,0.42421352046699823,1310,0.1101,0.0,1.0434477508735716,0.554046563673754,0.0004467879561815,0.0036551189480957,135.78714467538444,-0.0695634198023779
2025-12-03 15:25:00,2025-12-04 11:10:00,32818.84654848634,32826.215395989144,SHORT,-1,-7.368847502802964,-0.022453097161462633,1185,0.1152,-0.0022,1.0351333268150908,0.568012719496534,0.0004376880922499,0.0040198792356558,143.40600607575314,-0.0016316158822881
2025-12-05 09:25:00,2025-12-05 10:05:00,33140.77671189697,33182.911834066115,SHORT,-1,-42.13512216914387,-0.12713981490366844,40,0.12535,-0.0150999999999999,1.079142681585926,0.5513120493632113,0.0004441804803569,0.0033571712377218,113.0028742135941,-0.0140043849477501
2025-12-05 10:10:00,2025-12-05 10:15:00,33161.041803821056,33201.7026565279,SHORT,-1,-40.66085270684562,-0.1226163307757128,5,0.1141,0.0046,1.00840894501526,0.5608895708166176,0.000447713707341,0.0040579501585924,123.59440217727855,-0.0024314693597659
2025-12-05 12:35:00,2025-12-05 12:45:00,33338.06369432646,33447.37450273647,SHORT,-1,-109.31080841000949,-0.32788589467063806,10,0.1099,-0.0136,1.0807619807510098,0.555822096208943,0.0005037338476572,0.0028156240015076,123.57722246753526,-0.0219532319918671
2025-12-05 13:45:00,2025-12-05 14:05:00,33381.236772109805,33474.18796707325,SHORT,-1,-92.95119496344705,-0.2784534186016387,20,0.1151,-0.0119999999999999,1.151397845291545,0.5500556703604073,0.0004763387585802,0.0032857185254969,160.53568327239086,-0.0381239413758994
2025-12-08 12:00:00,2025-12-08 13:55:00,33839.26819413414,33882.321307997845,SHORT,-1,-43.05311386370158,-0.12722826515250885,115,0.11295,-0.0230999999999999,1.0907840106185809,0.5516734288803417,0.0005506478987508,0.0018809203338334,151.7428188190336,-0.0420266954474121
2025-12-08 14:20:00,2025-12-08 14:35:00,33771.322751986045,33877.15643786655,SHORT,-1,-105.83368588050507,-0.3133833005527778,15,0.11585,-0.0119,1.073583492803062,0.5646559312005817,0.0005066366522217,0.0026439732220754,115.88990188802563,-0.0226930857562134
2025-12-09 09:15:00,2025-12-09 09:30:00,33856.10543812371,33919.90565104965,SHORT,-1,-63.800212925940286,-0.1884452216234475,15,0.1143,0.0047999999999999,1.0430005077446227,0.5541737424327225,0.0004778148879891,0.0031467707322148,166.07492892161048,-0.008987452648477
2025-12-09 10:00:00,2025-12-09 11:45:00,33839.79115586033,33699.664831709066,SHORT,-1,140.12632415126427,0.41408743779140433,105,0.14005,-0.0010999999999999,0.9986432534592292,0.5390066610012482,0.0004148837440234,0.0025539220581123,133.2419528930524,-0.000343967219874
2025-12-09 12:55:00,2025-12-09 13:40:00,33683.223561906096,33801.63793342731,SHORT,-1,-118.41437152121216,-0.35155296613336146,45,0.1309,-0.0148,1.2274476151774405,0.5395596716676918,0.0004707475082219,0.0028269564215878,137.23414416549298,-0.0440797917844862
2025-12-09 14:05:00,2025-12-10 11:30:00,33682.15058793091,33461.71624972147,SHORT,-1,220.43433820944483,0.6544544643429969,1285,0.1234,-0.0137999999999999,1.1405412203408778,0.5408129280435614,0.0004988896917339,0.0027760846263411,130.1165316123661,-0.033180539715393
2025-12-11 11:40:00,2025-12-11 11:55:00,34098.30544765512,34157.20607557462,SHORT,-1,-58.90062791950186,-0.17273769809447334,15,0.13995,-0.0083,1.019479453179523,0.5403068046169324,0.0004541800574815,0.002044399710288,115.61276072389435,-0.018063564743065
2025-12-11 13:10:00,2025-12-11 15:05:00,34157.13031545732,34113.072642831714,SHORT,-1,44.05767262560403,0.12898528716760016,115,0.1256499999999999,-0.0027,1.4077864992150706,0.5474881200257733,0.0004943571957359,0.0034806821787887,116.93714445660224,-0.013342557711574
2025-12-12 14:35:00,2025-12-15 09:45:00,34603.13732392225,34667.96759732095,SHORT,-1,-64.83027339870023,-0.1873537442337085,4030,0.129,-0.0191999999999999,1.0773541130287516,0.5452705350963306,0.0005291000718388,0.0027170306349305,127.39544767032774,-0.0018910578729333
2025-12-15 11:55:00,2025-12-15 12:15:00,34712.04206688262,34801.696788532136,SHORT,-1,-89.65472164951643,-0.2582813234576379,20,0.1104499999999999,-0.0036999999999999,0.9965818257316232,0.5488902755402806,0.000668879073077,0.0015669487976231,137.95595438561057,-0.0037651235042474
2025-12-15 14:10:00,2025-12-15 14:40:00,34860.187504112415,34952.59880306961,SHORT,-1,-92.41129895719496,-0.26509122748204755,30,0.11285,-0.0049,1.2076639485912517,0.5469584449489151,0.0006555621823687,0.0028102180058714,137.05102970849424,-0.0048791703579257
2025-12-16 09:15:00,2025-12-16 09:25:00,34885.31879179982,34935.59760157615,SHORT,-1,-50.27880977632594,-0.1441259862820704,10,0.13465,-0.0166999999999999,1.114344887038614,0.5277100010570728,0.0005752278175738,0.0018612769617322,159.1547547451789,-0.0008078076222943
2025-12-16 09:40:00,2025-12-16 11:40:00,34912.578027865056,34823.91721556502,SHORT,-1,88.66081230003329,0.25395091771587225,120,0.12115,-0.0111,1.0700582524271844,0.5449277116144697,0.0006634467202207,0.0017727712601164,150.61766196246754,-0.0032477821391752
2025-12-16 11:45:00,2025-12-16 12:30:00,34801.54232408499,34818.22570735933,SHORT,-1,-16.683383274335938,-0.047938631911695256,45,0.1384,-0.015,1.0854604114662358,0.5340644491992241,0.000589367661699,0.0013037412011224,156.8268358320581,-0.0063074458687842
2025-12-16 13:00:00,2025-12-16 15:00:00,34756.21809450554,34675.37049248885,SHORT,-1,80.84760201668541,0.2326133464718541,120,0.1333,-0.013,1.2039527374658483,0.5377666262325425,0.000608706398073,0.0015743008890589,121.61683812642046,-0.010996352504176
2025-12-16 15:05:00,2025-12-17 14:55:00,34604.82998465785,34142.913171913424,SHORT,-1,461.91681274442817,1.3348333540410986,1430,0.1399,-0.0104,1.1499948924101215,0.5352249961148667,0.0005758506427865,0.0010408533573296,123.90105150786204,-0.0191727932456559
2025-12-18 09:15:00,2025-12-18 10:05:00,34086.05356285092,34114.36849973576,SHORT,-1,-28.314936884846247,-0.08306897961254632,50,0.131,-0.0216,1.059155519244292,0.5233789728955294,0.0007019072001708,0.0012841121967434,133.04524906088304,-0.0016959756981522
2025-12-18 10:10:00,2025-12-18 10:15:00,34085.13367781599,34136.92302477247,SHORT,-1,-51.789346956480586,-0.1519411584123762,5,0.12065,-0.0101,1.0754681636500985,0.5199712041513513,0.0007887028351232,0.0002296057772378,98.6935359353894,-0.0072762186568191
2025-12-18 13:45:00,2025-12-19 09:55:00,34228.16507640769,34407.42871322179,LONG,1,179.26363681409566,0.5237313668843323,1210,0.1096,-0.0186,1.1811809967118614,0.5159246815085177,0.0009056286192131,0.0011029232502689,119.3407263092231,0.020506594241612
2025-12-19 10:15:00,2025-12-19 10:50:00,34530.56837018867,34465.589129885535,LONG,1,-64.97924030313152,-0.18817889009678207,35,0.12645,-0.0247,1.1338979941907927,0.5124552815970497,0.0008647098270859,0.0007568255798613,156.89203728976125,0.0344633010594666
2025-12-19 11:20:00,2025-12-19 11:55:00,34517.990853053394,34457.70062612214,LONG,1,-60.29022693125444,-0.17466319864303828,35,0.12565,-0.0031,1.1096539843761122,0.5415971011107555,0.0007913795125863,0.0001722168129214,127.86045955140278,0.0097296339768201
2025-12-19 14:00:00,2025-12-19 14:05:00,34381.238810734736,34338.25770495739,LONG,1,-42.98110577734769,-0.12501325508936534,5,0.1248,-0.0062,1.143156885779578,0.512498541664194,0.0008142282997419,0.0005443754549768,110.913162965011,0.0126296741471679
2025-12-19 14:10:00,2025-12-22 09:40:00,34380.74463098897,34437.31561400569,LONG,1,56.570983016717946,0.1645426346168427,4050,0.15705,-0.0136999999999999,1.2256932234353692,0.5110055424662876,0.0006598131804361,0.0013026981644705,122.26102423870854,0.0159949256970601
2025-12-22 10:35:00,2025-12-22 10:45:00,34449.064224957896,34410.21218036884,LONG,1,-38.85204458905355,-0.11278113197892253,10,0.1271,-0.0194,1.0185989785806846,0.51683171995208,0.0013314020075327,0.0005394807945214,135.24259847219324,0.0022699790955676
2025-12-22 11:05:00,2025-12-22 11:15:00,34447.52836365535,34388.94349727315,LONG,1,-58.58486638220347,-0.17006986905921173,10,0.1095,0.0138,1.0741266749258305,0.5148839497427787,0.0013431609599947,0.0004170126489348,155.32125530471032,0.0107737788215199
2025-12-22 11:50:00,2025-12-22 12:05:00,34452.140637554985,34388.31971242504,LONG,1,-63.82092512994859,-0.18524516604457314,15,0.1382499999999999,-0.0190999999999999,1.153952426717924,0.5194092980037941,0.0012140381855172,-0.0001313376235151,179.6030101216446,0.0192799615614524
2025-12-22 12:35:00,2025-12-22 13:05:00,34441.010067652234,34388.59368881121,LONG,1,-52.41637884102238,-0.15219175842421942,30,0.1179,-0.0182,1.0820630065974548,0.5063206914888717,0.0014380772376233,0.00014751800566,154.7757987785309,0.0208073861252103
2025-12-22 13:25:00,2025-12-23 10:30:00,34443.53407980947,34729.24052046293,LONG,1,285.7064406534628,0.8294922350054132,1265,0.1077,-0.0163999999999999,0.9786715935620526,0.510592378430277,0.0015720182973802,0.0010283194419356,155.86942318338697,0.0103275847492498
